<?xml version="1.0" encoding="UTF-8"?>
<beans xmlns="http://www.springframework.org/schema/beans"
       xmlns:xsi="http://www.w3.org/2001/XMLSchema-instance"
       xmlns:aop="http://www.springframework.org/schema/aop"
       xmlns:context="http://www.springframework.org/schema/context"

       xsi:schemaLocation="http://www.springframework.org/schema/beans http://www.springframework.org/schema/beans/spring-beans-4.0.xsd
          http://www.springframework.org/schema/aop http://www.springframework.org/schema/aop/spring-aop-4.0.xsd
          http://www.springframework.org/schema/context http://www.springframework.org/schema/context/spring-context-4.0.xsd
">
<aop:aspectj-autoproxy/>
    <bean name="triangle" class="model.Triangle">
        <property name="type" value="equilateral"/>
    </bean>
    
    <bean name="circle" class="model.Circle">
        <property name="x" value="0"/>
        <property name="y" value="0"/>
        <property name="radius" value="10"/>
    </bean>
    
    <bean name="shapeService" class="service.ShapeService" autowire="byName"/>
    
    <bean name="loggingAspect" class="aspect.loginaspect"/>
</beans>
