<?xml version="1.0" encoding="UTF-8"?>
<project-private xmlns="http://www.netbeans.org/ns/project-private/1">
    <editor-bookmarks xmlns="http://www.netbeans.org/ns/editor-bookmarks/2" lastBookmarkId="0"/>
    <open-files xmlns="http://www.netbeans.org/ns/projectui-open-files/2">
        <group>
            <file>file:/home/mj/CE_159/Lab-6/src/java/l1/NewServletListener.java</file>
            <file>file:/home/mj/CE_159/Lab-6/web/index.jsp</file>
            <file>file:/home/mj/CE_159/Lab-6/web/index.html</file>
            <file>file:/home/mj/CE_159/Lab-6/src/java/l1/MyRequestListener.java</file>
        </group>
    </open-files>
</project-private>
