<?xml version="1.0" encoding="UTF-8"?>
<project-private xmlns="http://www.netbeans.org/ns/project-private/1">
    <editor-bookmarks xmlns="http://www.netbeans.org/ns/editor-bookmarks/2" lastBookmarkId="0"/>
    <open-files xmlns="http://www.netbeans.org/ns/projectui-open-files/2">
        <group>
            <file>file:/D:/CE80/Lab12/src/java/com/driver/AopMainDemo.java</file>
            <file>file:/D:/CE80/Lab12/src/java/com/services/ShapeService.java</file>
            <file>file:/D:/CE80/Lab12/src/java/com/apos/Auditor.java</file>
            <file>file:/D:/CE80/Lab12/src/java/com/beans/Triangle.java</file>
            <file>file:/D:/CE80/Lab12/src/java/com/beans/Circle.java</file>
        </group>
    </open-files>
</project-private>
